date,workout_name,duration,exercise_name,set_order,weight,reps,distance,seconds,notes,workout_notes,rpe
2022-01-17 08:51:29,Leg 2,36m,Leg Press,1,10.0,410,0,0,,,
2022-01-17 08:51:29,Leg 2,36m,Leg Press,2,10.0,410,0,0,,,
2022-01-17 08:51:29,Leg 2,36m,Leg Press,3,10.0,410,0,0,,,
2022-01-17 08:51:29,Leg 2,36m,High Feet Leg Press,1,10.0,410,0,0,,,
2022-01-17 08:51:29,Leg 2,36m,High Feet Leg Press,2,10.0,410,0,0,,,
2022-01-17 08:51:29,Leg 2,36m,High Feet Leg Press,3,10.0,410,0,0,,,
2022-01-17 08:51:29,Leg 2,36m,Calf Press on Seated Leg Press,1,12.0,410,0,0,,,
2022-01-17 08:51:29,Leg 2,36m,Calf Press on Seated Leg Press,2,12.0,410,0,0,,,
2022-01-17 08:51:29,Leg 2,36m,Calf Press on Seated Leg Press,3,12.0,410,0,0,,,
2022-01-17 08:51:29,Leg 2,36m,Step Ups ,1,10.0,10,0,0,,,
2022-01-17 08:51:29,Leg 2,36m,Step Ups ,2,10.0,10,0,0,,,
2022-01-17 08:51:29,Leg 2,36m,Step Ups ,3,10.0,10,0,0,,,
2022-01-17 08:51:29,Leg 2,36m,Ball Hamstring Curls,1,0.0,10,0,0,,,
2022-01-17 08:51:29,Leg 2,36m,Ball Hamstring Curls,2,0.0,10,0,0,,,
2022-01-17 08:51:29,Leg 2,36m,Ball Hamstring Curls,3,0.0,10,0,0,,,
2022-01-18 05:28:53,Pull 2,55m,Knee Raise (Captain's Chair),1,17.5,10,0,0,,,
2022-01-18 05:28:53,Pull 2,55m,Knee Raise (Captain's Chair),2,17.5,10,0,0,,,
2022-01-18 05:28:53,Pull 2,55m,Knee Raise (Captain's Chair),3,17.5,10,0,0,,,
2022-01-18 05:28:53,Pull 2,55m,Hammer Curl (Dumbbell),1,45.0,10,0,0,,,
2022-01-18 05:28:53,Pull 2,55m,Hammer Curl (Dumbbell),2,40.0,12,0,0,,,
2022-01-18 05:28:53,Pull 2,55m,Hammer Curl (Dumbbell),3,40.0,12,0,0,,,
2022-01-18 05:28:53,Pull 2,55m,Single Arm Neutral Grip Lat Pull Down,1,115.0,10,0,0,,,
2022-01-18 05:28:53,Pull 2,55m,Single Arm Neutral Grip Lat Pull Down,2,125.0,10,0,0,,,
2022-01-18 05:28:53,Pull 2,55m,Single Arm Neutral Grip Lat Pull Down,3,125.0,10,0,0,,,
2022-01-18 05:28:53,Pull 2,55m,Reverse Fly (Dumbbell),1,12.5,12,0,0,,,
2022-01-18 05:28:53,Pull 2,55m,Reverse Fly (Dumbbell),2,12.5,12,0,0,,,
2022-01-18 05:28:53,Pull 2,55m,Reverse Fly (Dumbbell),3,12.5,12,0,0,,,
2022-01-18 05:28:53,Pull 2,55m,Seated Wide-Grip Row (Cable),1,50.0,12,0,0,,,
2022-01-18 05:28:53,Pull 2,55m,Seated Wide-Grip Row (Cable),2,60.0,10,0,0,,,
2022-01-18 05:28:53,Pull 2,55m,Seated Wide-Grip Row (Cable),3,60.0,10,0,0,,,
2022-01-18 05:28:53,Pull 2,55m,Single Arm Cable Row,1,60.0,10,0,0,,,
2022-01-18 05:28:53,Pull 2,55m,Single Arm Cable Row,2,60.0,10,0,0,,,
2022-01-18 05:28:53,Pull 2,55m,Single Arm Cable Row,3,60.0,10,0,0,,,
2022-01-19 05:57:03,Leg 1,22m,Seated Calf,1,70.0,20,0,0,,,
2022-01-19 05:57:03,Leg 1,22m,Seated Calf,2,70.0,20,0,0,,,
2022-01-19 05:57:03,Leg 1,22m,Seated Calf,3,70.0,20,0,0,,,
2022-01-19 05:57:03,Leg 1,22m,RDL,1,185.00000000000003,10,0,0,,,
2022-01-19 05:57:03,Leg 1,22m,RDL,2,185.00000000000003,10,0,0,,,
2022-01-19 05:57:03,Leg 1,22m,RDL,3,185.00000000000003,10,0,0,,,
2022-01-19 05:57:03,Leg 1,22m,Split Squats,1,55.0,12,0,0,,,
2022-01-19 05:57:03,Leg 1,22m,Split Squats,2,55.0,10,0,0,,,
2022-01-19 05:57:03,Leg 1,22m,Split Squats,3,55.0,10,0,0,,,
2022-01-19 05:57:03,Leg 1,22m,Leg Extension (Machine),1,60.0,10,0,0,,,
2022-01-19 05:57:03,Leg 1,22m,Leg Extension (Machine),2,60.0,10,0,0,,,
2022-01-19 05:57:03,Leg 1,22m,Leg Extension (Machine),3,60.0,8,0,0,,,
2022-01-19 05:57:03,Leg 1,22m,Seated Leg Curl (Machine),1,130.0,12,0,0,,,
2022-01-19 05:57:03,Leg 1,22m,Seated Leg Curl (Machine),2,130.0,12,0,0,,,
2022-01-19 05:57:03,Leg 1,22m,Seated Leg Curl (Machine),3,130.0,10,0,0,,,
2022-01-20 04:55:24,Pull 1,36m,Cable Crunch,1,72.5,12,0,0,,,
2022-01-20 04:55:24,Pull 1,36m,Cable Crunch,2,74.99999999999999,12,0,0,,,
2022-01-20 04:55:24,Pull 1,36m,Cable Crunch,3,80.0,12,0,0,,,
2022-01-20 04:55:24,Pull 1,36m,Oblique Twist,1,20.0,12,0,0,,,
2022-01-20 04:55:24,Pull 1,36m,Oblique Twist,2,22.5,12,0,0,,,
2022-01-20 04:55:24,Pull 1,36m,Oblique Twist,3,25.0,12,0,0,,,
2022-01-20 04:55:24,Pull 1,36m,Machine Row Middle Grip ,1,100.0,10,0,0,,,
2022-01-20 04:55:24,Pull 1,36m,Machine Row Middle Grip ,2,100.0,10,0,0,,,
2022-01-20 04:55:24,Pull 1,36m,Machine Row Middle Grip ,3,100.0,10,0,0,,,
2022-01-20 04:55:24,Pull 1,36m,Single Arm Machine Lat Row,1,100.0,10,0,0,,,
2022-01-20 04:55:24,Pull 1,36m,Single Arm Machine Lat Row,2,100.0,10,0,0,,,
2022-01-20 04:55:24,Pull 1,36m,Single Arm Machine Lat Row,3,100.0,10,0,0,,,
2022-01-20 04:55:24,Pull 1,36m,Tall Kneeling Lat Pull Down ,1,120.0,12,0,0,,,
2022-01-20 04:55:24,Pull 1,36m,Tall Kneeling Lat Pull Down ,2,120.0,12,0,0,,,
2022-01-20 04:55:24,Pull 1,36m,Tall Kneeling Lat Pull Down ,3,120.0,12,0,0,,,
2022-01-20 04:55:24,Pull 1,36m,Bicep Curl (Cable),1,57.5,12,0,0,,,
2022-01-20 04:55:24,Pull 1,36m,Bicep Curl (Cable),2,57.5,12,0,0,,,
2022-01-20 04:55:24,Pull 1,36m,Bicep Curl (Cable),3,57.5,12,0,0,,,
2022-01-21 19:15:44,Legs,1h 9m,Squat (Barbell),1,255.0,10,0,0,,,
2022-01-21 19:15:44,Legs,1h 9m,Squat (Barbell),2,255.0,10,0,0,,,
2022-01-21 19:15:44,Legs,1h 9m,Front Squat (Barbell),1,135.0,10,0,0,,,
2022-01-21 19:15:44,Legs,1h 9m,Front Squat (Barbell),2,135.0,10,0,0,,,
2022-01-21 19:15:44,Legs,1h 9m,Good Morning (Barbell),1,135.0,10,0,0,,,
2022-01-21 19:15:44,Legs,1h 9m,Good Morning (Barbell),2,135.0,9,0,0,,,
2022-01-21 19:15:44,Legs,1h 9m,Lateral Lunge,1,70.0,12,0,0,,,
2022-01-21 19:15:44,Legs,1h 9m,Lateral Lunge,2,70.0,10,0,0,,,
2022-01-21 19:15:44,Legs,1h 9m,Lateral Lunge,3,70.0,10,0,0,,,
2022-01-21 19:15:44,Legs,1h 9m,Lying Hamstring Curl,1,45.0,12,0,0,,,
2022-01-21 19:15:44,Legs,1h 9m,Lying Hamstring Curl,2,45.0,12,0,0,,,
2022-01-21 19:15:44,Legs,1h 9m,Lying Hamstring Curl,3,45.0,12,0,0,,,
2022-01-21 19:15:44,Legs,1h 9m,Single Leg Standing Calf Machine,1,120.0,12,0,0,,,
2022-01-21 19:15:44,Legs,1h 9m,Single Leg Standing Calf Machine,2,120.0,12,0,0,,,
2022-01-21 19:15:44,Legs,1h 9m,Single Leg Standing Calf Machine,3,120.0,12,0,0,,,
2022-01-22 12:13:26,Push 1,41h 8m,Bench Press (Barbell),1,255.0,6,0,0,,,
2022-01-22 12:13:26,Push 1,41h 8m,Bench Press (Barbell),2,265.0,6,0,0,,,
2022-01-22 12:13:26,Push 1,41h 8m,Bench Press (Barbell),3,275.0,4,0,0,,,
2022-01-22 12:13:26,Push 1,41h 8m,Shoulder Press (Machine),1,185.00000000000003,12,0,0,,,
2022-01-22 12:13:26,Push 1,41h 8m,Shoulder Press (Machine),2,185.00000000000003,12,0,0,,,
2022-01-22 12:13:26,Push 1,41h 8m,Shoulder Press (Machine),3,185.00000000000003,10,0,0,,,
2022-01-22 12:13:26,Push 1,41h 8m,Incline Bench Press (Dumbbell),1,80.0,10,0,0,,,
2022-01-22 12:13:26,Push 1,41h 8m,Incline Bench Press (Dumbbell),2,85.0,10,0,0,,,
2022-01-22 12:13:26,Push 1,41h 8m,Incline Bench Press (Dumbbell),3,90.0,8,0,0,,,
2022-01-22 12:13:26,Push 1,41h 8m,Lateral Raise (Dumbbell),1,15.0,12,0,0,,,
2022-01-22 12:13:26,Push 1,41h 8m,Lateral Raise (Dumbbell),2,15.0,12,0,0,,,
2022-01-22 12:13:26,Push 1,41h 8m,Lateral Raise (Dumbbell),3,15.0,12,0,0,,,
2022-01-22 12:13:26,Push 1,41h 8m,Chest Fly (Dumbbell),1,40.0,10,0,0,,,
2022-01-22 12:13:26,Push 1,41h 8m,Chest Fly (Dumbbell),2,40.0,0,0,0,,,
2022-01-22 12:13:26,Push 1,41h 8m,Chest Fly (Dumbbell),3,40.0,10,0,0,,,
2022-01-22 12:13:26,Push 1,41h 8m,Triceps Pushdown (Cable - Straight Bar),1,40.0,12,0,0,,,
2022-01-22 12:13:26,Push 1,41h 8m,Triceps Pushdown (Cable - Straight Bar),2,45.0,12,0,0,,,
2022-01-22 12:13:26,Push 1,41h 8m,Triceps Pushdown (Cable - Straight Bar),3,45.0,12,0,0,,,
2022-01-22 12:13:26,Push 1,41h 8m,Triceps Extension (Cable),1,40.0,12,0,0,,,
2022-01-22 12:13:26,Push 1,41h 8m,Triceps Extension (Cable),2,45.0,12,0,0,,,
2022-01-22 12:13:26,Push 1,41h 8m,Triceps Extension (Cable),3,45.0,12,0,0,,,
2022-01-22 12:13:26,Push 1,41h 8m,Face Pull (Cable),1,25.0,12,0,0,,,
2022-01-22 12:13:26,Push 1,41h 8m,Face Pull (Cable),2,25.0,12,0,0,,,
2022-01-22 12:13:26,Push 1,41h 8m,Face Pull (Cable),3,25.0,12,0,0,,,
2022-01-24 05:24:16,Leg 2,42m,Hack Squat,1,135.0,12,0,0,,,
2022-01-24 05:24:16,Leg 2,42m,Hack Squat,2,155.0,10,0,0,,,
2022-01-24 05:24:16,Leg 2,42m,Hack Squat,3,155.0,10,0,0,,,
2022-01-24 05:24:16,Leg 2,42m,Single Leg Hip Thrust,1,0.0,10,0,0,,,
2022-01-24 05:24:16,Leg 2,42m,Single Leg Hip Thrust,2,0.0,10,0,0,,,
2022-01-24 05:24:16,Leg 2,42m,Single Leg Hip Thrust,3,0.0,10,0,0,,,
2022-01-24 05:24:16,Leg 2,42m,Single Leg Standing Calf Machine,1,135.0,12,0,0,,,
2022-01-24 05:24:16,Leg 2,42m,Single Leg Standing Calf Machine,2,145.0,10,0,0,,,
2022-01-24 05:24:16,Leg 2,42m,Single Leg Standing Calf Machine,3,145.0,10,0,0,,,
2022-01-24 05:24:16,Leg 2,42m,Single Leg Leg Press,1,140.0,10,0,0,,,
2022-01-24 05:24:16,Leg 2,42m,Single Leg Leg Press,2,140.0,10,0,0,,,
2022-01-24 05:24:16,Leg 2,42m,Single Leg Leg Press,3,140.0,10,0,0,,,
2022-01-24 05:24:16,Leg 2,42m,Glute Ham Raise,1,0.0,8,0,0,,,
2022-01-24 05:24:16,Leg 2,42m,Glute Ham Raise,2,0.0,8,0,0,,,
2022-01-24 05:24:16,Leg 2,42m,Glute Ham Raise,3,0.0,8,0,0,,,
2022-01-25 05:10:04,Pull 2,40m,Knee Raise (Captain's Chair),1,17.5,12,0,0,,,
2022-01-25 05:10:04,Pull 2,40m,Knee Raise (Captain's Chair),2,17.5,12,0,0,,,
2022-01-25 05:10:04,Pull 2,40m,Knee Raise (Captain's Chair),3,17.5,12,0,0,,,
2022-01-25 05:10:04,Pull 2,40m,Hammer Curl (Dumbbell),1,45.0,12,0,0,,,
2022-01-25 05:10:04,Pull 2,40m,Hammer Curl (Dumbbell),2,45.0,12,0,0,,,
2022-01-25 05:10:04,Pull 2,40m,Hammer Curl (Dumbbell),3,45.0,10,0,0,,,
2022-01-25 05:10:04,Pull 2,40m,Single Arm Neutral Grip Lat Pull Down,1,60.0,12,0,0,,,
2022-01-25 05:10:04,Pull 2,40m,Single Arm Neutral Grip Lat Pull Down,2,80.0,12,0,0,,,
2022-01-25 05:10:04,Pull 2,40m,Single Arm Neutral Grip Lat Pull Down,3,80.0,12,0,0,,,
2022-01-25 05:10:04,Pull 2,40m,Reverse Fly (Dumbbell),1,15.0,12,0,0,,,
2022-01-25 05:10:04,Pull 2,40m,Reverse Fly (Dumbbell),2,15.0,12,0,0,,,
2022-01-25 05:10:04,Pull 2,40m,Reverse Fly (Dumbbell),3,15.0,12,0,0,,,
2022-01-25 05:10:04,Pull 2,40m,Seated Wide-Grip Row (Cable),1,60.0,12,0,0,,,
2022-01-25 05:10:04,Pull 2,40m,Seated Wide-Grip Row (Cable),2,60.0,12,0,0,,,
2022-01-25 05:10:04,Pull 2,40m,Seated Wide-Grip Row (Cable),3,60.0,12,0,0,,,
2022-01-25 05:10:04,Pull 2,40m,Single Arm Cable Row,1,60.0,12,0,0,,,
2022-01-25 05:10:04,Pull 2,40m,Single Arm Cable Row,2,60.0,12,0,0,,,
2022-01-25 05:10:04,Pull 2,40m,Single Arm Cable Row,3,60.0,12,0,0,,,
2022-01-27 04:56:56,Leg 1,23s,Seated Calf,1,100.0,12,0,0,,,
2022-01-27 04:56:56,Leg 1,23s,Seated Calf,2,100.0,12,0,0,,,
2022-01-27 04:56:56,Leg 1,23s,Seated Calf,3,100.0,12,0,0,,,
2022-01-27 04:56:56,Leg 1,23s,RDL,1,225.0,8,0,0,Smith Machine,,
2022-01-27 04:56:56,Leg 1,23s,RDL,2,225.0,8,0,0,,,
2022-01-27 04:56:56,Leg 1,23s,RDL,3,225.0,8,0,0,,,
2022-01-27 04:56:56,Leg 1,23s,Bulgarian Split Squat,1,40.0,12,0,0,,,
2022-01-27 04:56:56,Leg 1,23s,Bulgarian Split Squat,2,60.0,12,0,0,,,
2022-01-27 04:56:56,Leg 1,23s,Bulgarian Split Squat,3,60.0,12,0,0,,,
2022-01-27 04:56:56,Leg 1,23s,Leg Extension (Machine),1,60.0,10,0,0,,,
2022-01-27 04:56:56,Leg 1,23s,Leg Extension (Machine),2,60.0,10,0,0,,,
2022-01-27 04:56:56,Leg 1,23s,Leg Extension (Machine),3,60.0,8,0,0,,,
2022-01-27 04:56:56,Leg 1,23s,Seated Leg Curl (Machine),1,130.0,12,0,0,,,
2022-01-27 04:56:56,Leg 1,23s,Seated Leg Curl (Machine),2,130.0,12,0,0,,,
2022-01-27 04:56:56,Leg 1,23s,Seated Leg Curl (Machine),3,130.0,10,0,0,,,
2022-01-27 05:01:43,Pull 1,54m,Cable Crunch,1,80.0,12,0,0,,,
2022-01-27 05:01:43,Pull 1,54m,Cable Crunch,2,80.0,12,0,0,,,
2022-01-27 05:01:43,Pull 1,54m,Cable Crunch,3,80.0,12,0,0,,,
2022-01-27 05:01:43,Pull 1,54m,Oblique Twist,1,25.0,12,0,0,,,
2022-01-27 05:01:43,Pull 1,54m,Oblique Twist,2,30.0,12,0,0,,,
2022-01-27 05:01:43,Pull 1,54m,Oblique Twist,3,30.0,12,0,0,,,
2022-01-27 05:01:43,Pull 1,54m,Machine Row Middle Grip ,1,105.0,10,0,0,,,
2022-01-27 05:01:43,Pull 1,54m,Machine Row Middle Grip ,2,110.0,10,0,0,,,
2022-01-27 05:01:43,Pull 1,54m,Machine Row Middle Grip ,3,115.0,10,0,0,,,
2022-01-27 05:01:43,Pull 1,54m,Single Arm Machine Lat Row,1,105.0,10,0,0,,,
2022-01-27 05:01:43,Pull 1,54m,Single Arm Machine Lat Row,2,110.0,10,0,0,,,
2022-01-27 05:01:43,Pull 1,54m,Single Arm Machine Lat Row,3,115.0,10,0,0,,,
2022-01-27 05:01:43,Pull 1,54m,Tall Kneeling Lat Pull Down ,1,125.0,12,0,0,,,
2022-01-27 05:01:43,Pull 1,54m,Tall Kneeling Lat Pull Down ,2,125.0,12,0,0,,,
2022-01-27 05:01:43,Pull 1,54m,Tall Kneeling Lat Pull Down ,3,125.0,12,0,0,,,
2022-01-27 05:01:43,Pull 1,54m,Bicep Curl (Cable),1,57.5,12,0,0,,,
2022-01-27 05:01:43,Pull 1,54m,Bicep Curl (Cable),2,57.5,12,0,0,,,
2022-01-27 05:01:43,Pull 1,54m,Bicep Curl (Cable),3,57.5,12,0,0,,,
2022-01-28 12:59:41,Legs,21h 26m,Squat (Barbell),1,265.0,8,0,0,,,
2022-01-28 12:59:41,Legs,21h 26m,Squat (Barbell),2,265.0,8,0,0,,,
2022-01-28 12:59:41,Legs,21h 26m,Front Squat (Barbell),1,135.0,12,0,0,,,
2022-01-28 12:59:41,Legs,21h 26m,Front Squat (Barbell),2,145.0,10,0,0,,,
2022-01-28 12:59:41,Legs,21h 26m,Good Morning (Barbell),1,135.0,10,0,0,,,
2022-01-28 12:59:41,Legs,21h 26m,Good Morning (Barbell),2,135.0,10,0,0,,,
2022-01-28 12:59:41,Legs,21h 26m,Good Morning (Barbell),3,135.0,10,0,0,,,
2022-01-28 12:59:41,Legs,21h 26m,Lateral Lunge,1,70.0,12,0,0,,,
2022-01-28 12:59:41,Legs,21h 26m,Lateral Lunge,2,70.0,12,0,0,,,
2022-01-28 12:59:41,Legs,21h 26m,Lateral Lunge,3,70.0,12,0,0,,,
2022-01-28 12:59:41,Legs,21h 26m,Lying Hamstring Curl,1,45.0,12,0,0,,,
2022-01-28 12:59:41,Legs,21h 26m,Lying Hamstring Curl,2,45.0,12,0,0,,,
2022-01-28 12:59:41,Legs,21h 26m,Lying Hamstring Curl,3,45.0,12,0,0,,,
2022-01-28 12:59:41,Legs,21h 26m,Single Leg Standing Calf Machine,1,120.0,12,0,0,,,
2022-01-28 12:59:41,Legs,21h 26m,Single Leg Standing Calf Machine,2,120.0,12,0,0,,,
2022-01-28 12:59:41,Legs,21h 26m,Single Leg Standing Calf Machine,3,120.0,12,0,0,,,
2022-01-29 10:25:54,Push 1,1h 4m,Bench Press (Barbell),1,265.0,6,0,0,,,
2022-01-29 10:25:54,Push 1,1h 4m,Bench Press (Barbell),2,265.0,6,0,0,,,
2022-01-29 10:25:54,Push 1,1h 4m,Bench Press (Barbell),3,275.0,4,0,0,,,
2022-01-29 10:25:54,Push 1,1h 4m,Shoulder Press (Machine),1,185.00000000000003,12,0,0,,,
2022-01-29 10:25:54,Push 1,1h 4m,Shoulder Press (Machine),2,185.00000000000003,12,0,0,,,
2022-01-29 10:25:54,Push 1,1h 4m,Shoulder Press (Machine),3,185.00000000000003,12,0,0,,,
2022-01-29 10:25:54,Push 1,1h 4m,Incline Bench Press (Dumbbell),1,90.0,10,0,0,,,
2022-01-29 10:25:54,Push 1,1h 4m,Incline Bench Press (Dumbbell),2,90.0,10,0,0,,,
2022-01-29 10:25:54,Push 1,1h 4m,Incline Bench Press (Dumbbell),3,100.0,8,0,0,,,
2022-01-29 10:25:54,Push 1,1h 4m,Lateral Raise (Dumbbell),1,17.5,10,0,0,,,
2022-01-29 10:25:54,Push 1,1h 4m,Lateral Raise (Dumbbell),2,17.5,10,0,0,,,
2022-01-29 10:25:54,Push 1,1h 4m,Lateral Raise (Dumbbell),3,17.5,10,0,0,,,
2022-01-29 10:25:54,Push 1,1h 4m,Chest Fly (Dumbbell),1,40.0,10,0,0,,,
2022-01-29 10:25:54,Push 1,1h 4m,Chest Fly (Dumbbell),2,40.0,0,0,0,,,
2022-01-29 10:25:54,Push 1,1h 4m,Chest Fly (Dumbbell),3,40.0,10,0,0,,,
2022-01-31 05:30:11,Leg 2,24h 2m,Hack Squat,1,175.0,10,0,0,,,
2022-01-31 05:30:11,Leg 2,24h 2m,Hack Squat,2,155.0,10,0,0,,,
2022-01-31 05:30:11,Leg 2,24h 2m,Hack Squat,3,175.0,10,0,0,,,
2022-01-31 05:30:11,Leg 2,24h 2m,Single Leg Hip Thrust,1,0.0,12,0,0,,,
2022-01-31 05:30:11,Leg 2,24h 2m,Single Leg Hip Thrust,2,0.0,12,0,0,,,
2022-01-31 05:30:11,Leg 2,24h 2m,Single Leg Hip Thrust,3,0.0,12,0,0,,,
2022-01-31 05:30:11,Leg 2,24h 2m,Single Leg Standing Calf Machine,1,155.0,12,0,0,,,
2022-01-31 05:30:11,Leg 2,24h 2m,Single Leg Standing Calf Machine,2,155.0,12,0,0,,,
2022-01-31 05:30:11,Leg 2,24h 2m,Single Leg Standing Calf Machine,3,155.0,12,0,0,,,
2022-01-31 05:30:11,Leg 2,24h 2m,Single Leg Leg Press,1,140.0,12,0,0,,,
2022-01-31 05:30:11,Leg 2,24h 2m,Single Leg Leg Press,2,140.0,12,0,0,,,
2022-01-31 05:30:11,Leg 2,24h 2m,Single Leg Leg Press,3,140.0,12,0,0,,,
2022-01-31 05:30:11,Leg 2,24h 2m,Glute Ham Raise,1,0.0,9,0,0,,,
2022-01-31 05:30:11,Leg 2,24h 2m,Glute Ham Raise,2,0.0,8,0,0,,,
2022-01-31 05:30:11,Leg 2,24h 2m,Glute Ham Raise,3,0.0,8,0,0,,,
2022-02-01 05:32:22,Pull 2,40m,Knee Raise (Captain's Chair),1,20.0,10,0,0,,,
2022-02-01 05:32:22,Pull 2,40m,Knee Raise (Captain's Chair),2,20.0,10,0,0,,,
2022-02-01 05:32:22,Pull 2,40m,Knee Raise (Captain's Chair),3,20.0,10,0,0,,,
2022-02-01 05:32:22,Pull 2,40m,Hammer Curl (Dumbbell),1,45.0,12,0,0,,,
2022-02-01 05:32:22,Pull 2,40m,Hammer Curl (Dumbbell),2,45.0,12,0,0,,,
2022-02-01 05:32:22,Pull 2,40m,Hammer Curl (Dumbbell),3,45.0,12,0,0,,,
2022-02-01 05:32:22,Pull 2,40m,Single Arm Neutral Grip Lat Pull Down,1,70.0,12,0,0,,,
2022-02-01 05:32:22,Pull 2,40m,Single Arm Neutral Grip Lat Pull Down,2,70.0,12,0,0,,,
2022-02-01 05:32:22,Pull 2,40m,Single Arm Neutral Grip Lat Pull Down,3,70.0,12,0,0,,,
2022-02-01 05:32:22,Pull 2,40m,Reverse Fly (Dumbbell),1,17.5,12,0,0,,,
2022-02-01 05:32:22,Pull 2,40m,Reverse Fly (Dumbbell),2,17.5,12,0,0,,,
2022-02-01 05:32:22,Pull 2,40m,Reverse Fly (Dumbbell),3,17.5,12,0,0,,,
2022-02-01 05:32:22,Pull 2,40m,Seated Wide-Grip Row (Cable),1,62.5,12,0,0,,,
2022-02-01 05:32:22,Pull 2,40m,Seated Wide-Grip Row (Cable),2,62.5,12,0,0,,,
2022-02-01 05:32:22,Pull 2,40m,Seated Wide-Grip Row (Cable),3,62.5,12,0,0,,,
2022-02-01 05:32:22,Pull 2,40m,Single Arm Cable Row,1,62.5,10,0,0,,,
2022-02-01 05:32:22,Pull 2,40m,Single Arm Cable Row,2,62.5,10,0,0,,,
2022-02-01 05:32:22,Pull 2,40m,Single Arm Cable Row,3,62.5,10,0,0,,,
2022-02-02 05:24:18,Leg 1,24h 7m,Seated Calf,1,110.0,12,0,0,,,
2022-02-02 05:24:18,Leg 1,24h 7m,Seated Calf,2,110.0,12,0,0,,,
2022-02-02 05:24:18,Leg 1,24h 7m,Seated Calf,3,110.0,12,0,0,,,
2022-02-02 05:24:18,Leg 1,24h 7m,RDL,1,225.0,10,0,0,Smith Machine,,
2022-02-02 05:24:18,Leg 1,24h 7m,RDL,2,225.0,10,0,0,,,
2022-02-02 05:24:18,Leg 1,24h 7m,RDL,3,225.0,10,0,0,,,
2022-02-02 05:24:18,Leg 1,24h 7m,Bulgarian Split Squat,1,70.0,10,0,0,,,
2022-02-02 05:24:18,Leg 1,24h 7m,Bulgarian Split Squat,2,70.0,10,0,0,,,
2022-02-02 05:24:18,Leg 1,24h 7m,Bulgarian Split Squat,3,70.0,10,0,0,,,
2022-02-02 05:24:18,Leg 1,24h 7m,Leg Extension (Machine),1,60.0,10,0,0,,,
2022-02-02 05:24:18,Leg 1,24h 7m,Leg Extension (Machine),2,60.0,10,0,0,,,
2022-02-02 05:24:18,Leg 1,24h 7m,Leg Extension (Machine),3,60.0,8,0,0,,,
2022-02-02 05:24:18,Leg 1,24h 7m,Seated Leg Curl (Machine),1,130.0,12,0,0,,,
2022-02-02 05:24:18,Leg 1,24h 7m,Seated Leg Curl (Machine),2,130.0,12,0,0,,,
2022-02-02 05:24:18,Leg 1,24h 7m,Seated Leg Curl (Machine),3,130.0,10,0,0,,,
2022-02-03 05:31:46,Pull 1,35m,Cable Crunch,1,82.5,12,0,0,,,
2022-02-03 05:31:46,Pull 1,35m,Cable Crunch,2,82.5,12,0,0,,,
2022-02-03 05:31:46,Pull 1,35m,Cable Crunch,3,82.5,12,0,0,,,
2022-02-03 05:31:46,Pull 1,35m,Oblique Twist,1,32.5,12,0,0,,,
2022-02-03 05:31:46,Pull 1,35m,Oblique Twist,2,32.5,12,0,0,,,
2022-02-03 05:31:46,Pull 1,35m,Oblique Twist,3,32.5,12,0,0,,,
2022-02-03 05:31:46,Pull 1,35m,Machine Row Middle Grip ,1,115.0,10,0,0,,,
2022-02-03 05:31:46,Pull 1,35m,Machine Row Middle Grip ,2,115.0,10,0,0,,,
2022-02-03 05:31:46,Pull 1,35m,Machine Row Middle Grip ,3,115.0,8,0,0,,,
2022-02-03 05:31:46,Pull 1,35m,Single Arm Machine Lat Row,1,115.0,10,0,0,,,
2022-02-03 05:31:46,Pull 1,35m,Single Arm Machine Lat Row,2,115.0,10,0,0,,,
2022-02-03 05:31:46,Pull 1,35m,Single Arm Machine Lat Row,3,115.0,8,0,0,,,
2022-02-03 05:31:46,Pull 1,35m,Tall Kneeling Lat Pull Down ,1,140.0,10,0,0,,,
2022-02-03 05:31:46,Pull 1,35m,Tall Kneeling Lat Pull Down ,2,140.0,12,0,0,,,
2022-02-03 05:31:46,Pull 1,35m,Tall Kneeling Lat Pull Down ,3,140.0,12,0,0,,,
2022-02-03 05:31:46,Pull 1,35m,Bicep Curl (Cable),1,57.5,12,0,0,,,
2022-02-03 05:31:46,Pull 1,35m,Bicep Curl (Cable),2,57.5,12,0,0,,,
2022-02-03 05:31:46,Pull 1,35m,Bicep Curl (Cable),3,57.5,12,0,0,,,
2022-02-04 18:12:40,Legs,17h 22m,Squat (Barbell),1,275.0,8,0,0,,,
2022-02-04 18:12:40,Legs,17h 22m,Squat (Barbell),2,285.0,8,0,0,,,
2022-02-04 18:12:40,Legs,17h 22m,Front Squat (Barbell),1,145.0,12,0,0,,,
2022-02-04 18:12:40,Legs,17h 22m,Front Squat (Barbell),2,155.0,10,0,0,,,
2022-02-04 18:12:40,Legs,17h 22m,Good Morning (Barbell),1,135.0,12,0,0,,,
2022-02-04 18:12:40,Legs,17h 22m,Good Morning (Barbell),2,135.0,10,0,0,,,
2022-02-04 18:12:40,Legs,17h 22m,Good Morning (Barbell),3,135.0,10,0,0,,,
2022-02-04 18:12:40,Legs,17h 22m,Lateral Lunge,1,80.0,10,0,0,,,
2022-02-04 18:12:40,Legs,17h 22m,Lateral Lunge,2,80.0,12,0,0,,,
2022-02-04 18:12:40,Legs,17h 22m,Lateral Lunge,3,80.0,10,0,0,,,
2022-02-04 18:12:40,Legs,17h 22m,Lying Hamstring Curl,1,45.0,12,0,0,,,
2022-02-04 18:12:40,Legs,17h 22m,Lying Hamstring Curl,2,45.0,12,0,0,,,
2022-02-04 18:12:40,Legs,17h 22m,Lying Hamstring Curl,3,45.0,12,0,0,,,
2022-02-04 18:12:40,Legs,17h 22m,Single Leg Standing Calf Machine,1,120.0,12,0,0,,,
2022-02-04 18:12:40,Legs,17h 22m,Single Leg Standing Calf Machine,2,120.0,12,0,0,,,
2022-02-04 18:12:40,Legs,17h 22m,Single Leg Standing Calf Machine,3,120.0,12,0,0,,,
2022-02-05 11:34:58,Push 1,42h 3m,Bench Press (Barbell),1,275.0,5,0,0,,,
2022-02-05 11:34:58,Push 1,42h 3m,Bench Press (Barbell),2,275.0,4,0,0,,,
2022-02-05 11:34:58,Push 1,42h 3m,Bench Press (Barbell),3,275.0,4,0,0,,,
2022-02-05 11:34:58,Push 1,42h 3m,Shoulder Press (Machine),1,205.0,10,0,0,,,
2022-02-05 11:34:58,Push 1,42h 3m,Shoulder Press (Machine),2,205.0,10,0,0,,,
2022-02-05 11:34:58,Push 1,42h 3m,Shoulder Press (Machine),3,205.0,10,0,0,,,
2022-02-05 11:34:58,Push 1,42h 3m,Incline Bench Press (Dumbbell),1,105.0,7,0,0,,,
2022-02-05 11:34:58,Push 1,42h 3m,Incline Bench Press (Dumbbell),2,95.0,8,0,0,,,
2022-02-05 11:34:58,Push 1,42h 3m,Incline Bench Press (Dumbbell),3,95.0,7,0,0,,,
2022-02-05 11:34:58,Push 1,42h 3m,Lateral Raise (Dumbbell),1,17.5,12,0,0,,,
2022-02-05 11:34:58,Push 1,42h 3m,Lateral Raise (Dumbbell),2,17.5,10,0,0,,,
2022-02-05 11:34:58,Push 1,42h 3m,Lateral Raise (Dumbbell),3,17.5,10,0,0,,,
2022-02-05 11:34:58,Push 1,42h 3m,Chest Fly (Dumbbell),1,40.0,10,0,0,,,
2022-02-05 11:34:58,Push 1,42h 3m,Chest Fly (Dumbbell),2,40.0,0,0,0,,,
2022-02-05 11:34:58,Push 1,42h 3m,Chest Fly (Dumbbell),3,40.0,10,0,0,,,
2022-02-05 11:34:58,Push 1,42h 3m,Triceps Pushdown (Cable - Straight Bar),1,40.0,12,0,0,,,
2022-02-05 11:34:58,Push 1,42h 3m,Triceps Pushdown (Cable - Straight Bar),2,45.0,12,0,0,,,
2022-02-05 11:34:58,Push 1,42h 3m,Triceps Pushdown (Cable - Straight Bar),3,45.0,12,0,0,,,
2022-02-05 11:34:58,Push 1,42h 3m,Triceps Extension (Cable),1,40.0,12,0,0,,,
2022-02-05 11:34:58,Push 1,42h 3m,Triceps Extension (Cable),2,45.0,12,0,0,,,
2022-02-05 11:34:58,Push 1,42h 3m,Triceps Extension (Cable),3,45.0,12,0,0,,,
2022-02-05 11:34:58,Push 1,42h 3m,Face Pull (Cable),1,25.0,12,0,0,,,
2022-02-05 11:34:58,Push 1,42h 3m,Face Pull (Cable),2,25.0,12,0,0,,,
2022-02-05 11:34:58,Push 1,42h 3m,Face Pull (Cable),3,25.0,12,0,0,,,
2022-02-07 05:38:12,Leg 2,50m,Hack Squat,1,185.00000000000003,10,0,0,,,
2022-02-07 05:38:12,Leg 2,50m,Hack Squat,2,185.00000000000003,10,0,0,,,
2022-02-07 05:38:12,Leg 2,50m,Hack Squat,3,185.00000000000003,10,0,0,,,
2022-02-07 05:38:12,Leg 2,50m,Single Leg Hip Thrust,1,0.0,12,0,0,,,
2022-02-07 05:38:12,Leg 2,50m,Single Leg Hip Thrust,2,0.0,12,0,0,,,
2022-02-07 05:38:12,Leg 2,50m,Single Leg Hip Thrust,3,0.0,12,0,0,,,
2022-02-07 05:38:12,Leg 2,50m,Single Leg Standing Calf Machine,1,185.00000000000003,10,0,0,,,
2022-02-07 05:38:12,Leg 2,50m,Single Leg Standing Calf Machine,2,185.00000000000003,10,0,0,,,
2022-02-07 05:38:12,Leg 2,50m,Single Leg Standing Calf Machine,3,185.00000000000003,10,0,0,,,
2022-02-07 05:38:12,Leg 2,50m,Single Leg Leg Press,1,160.0,10,0,0,,,
2022-02-07 05:38:12,Leg 2,50m,Single Leg Leg Press,2,160.0,10,0,0,,,
2022-02-07 05:38:12,Leg 2,50m,Single Leg Leg Press,3,160.0,10,0,0,,,
2022-02-07 05:38:12,Leg 2,50m,Glute Ham Raise,1,0.0,9,0,0,,,
2022-02-07 05:38:12,Leg 2,50m,Glute Ham Raise,2,0.0,9,0,0,,,
2022-02-07 05:38:12,Leg 2,50m,Glute Ham Raise,3,0.0,8,0,0,,,
2022-02-08 05:28:13,Pull 2,1h 10m,Knee Raise (Captain's Chair),1,20.0,12,0,0,,,
2022-02-08 05:28:13,Pull 2,1h 10m,Knee Raise (Captain's Chair),2,20.0,12,0,0,,,
2022-02-08 05:28:13,Pull 2,1h 10m,Knee Raise (Captain's Chair),3,20.0,12,0,0,,,
2022-02-08 05:28:13,Pull 2,1h 10m,Hammer Curl (Dumbbell),1,50.0,10,0,0,,,
2022-02-08 05:28:13,Pull 2,1h 10m,Hammer Curl (Dumbbell),2,50.0,10,0,0,,,
2022-02-08 05:28:13,Pull 2,1h 10m,Hammer Curl (Dumbbell),3,50.0,10,0,0,,,
2022-02-08 05:28:13,Pull 2,1h 10m,Single Arm Neutral Grip Lat Pull Down,1,80.0,12,0,0,,,
2022-02-08 05:28:13,Pull 2,1h 10m,Single Arm Neutral Grip Lat Pull Down,2,80.0,12,0,0,,,
2022-02-08 05:28:13,Pull 2,1h 10m,Single Arm Neutral Grip Lat Pull Down,3,80.0,10,0,0,,,
2022-02-08 05:28:13,Pull 2,1h 10m,Reverse Fly (Dumbbell),1,30.0,12,0,0,,,
2022-02-08 05:28:13,Pull 2,1h 10m,Reverse Fly (Dumbbell),2,30.0,12,0,0,,,
2022-02-08 05:28:13,Pull 2,1h 10m,Reverse Fly (Dumbbell),3,30.0,12,0,0,,,
2022-02-08 05:28:13,Pull 2,1h 10m,Seated Wide-Grip Row (Cable),1,65.0,10,0,0,,,
2022-02-08 05:28:13,Pull 2,1h 10m,Seated Wide-Grip Row (Cable),2,62.5,10,0,0,,,
2022-02-08 05:28:13,Pull 2,1h 10m,Seated Wide-Grip Row (Cable),3,65.0,10,0,0,,,
2022-02-08 05:28:13,Pull 2,1h 10m,Single Arm Cable Row,1,62.5,12,0,0,,,
2022-02-08 05:28:13,Pull 2,1h 10m,Single Arm Cable Row,2,62.5,10,0,0,,,
2022-02-08 05:28:13,Pull 2,1h 10m,Single Arm Cable Row,3,62.5,10,0,0,,,
2022-02-10 05:24:13,Pull 1,46m,Cable Crunch,1,85.0,12,0,0,,,
2022-02-10 05:24:13,Pull 1,46m,Cable Crunch,2,85.0,12,0,0,,,
2022-02-10 05:24:13,Pull 1,46m,Cable Crunch,3,85.0,12,0,0,,,
2022-02-10 05:24:13,Pull 1,46m,Oblique Twist,1,35.0,12,0,0,,,
2022-02-10 05:24:13,Pull 1,46m,Oblique Twist,2,35.0,12,0,0,,,
2022-02-10 05:24:13,Pull 1,46m,Oblique Twist,3,35.0,12,0,0,,,
2022-02-10 05:24:13,Pull 1,46m,Machine Row Middle Grip ,1,115.0,10,0,0,,,
2022-02-10 05:24:13,Pull 1,46m,Machine Row Middle Grip ,2,115.0,10,0,0,,,
2022-02-10 05:24:13,Pull 1,46m,Machine Row Middle Grip ,3,115.0,10,0,0,,,
2022-02-10 05:24:13,Pull 1,46m,Single Arm Machine Lat Row,1,115.0,10,0,0,,,
2022-02-10 05:24:13,Pull 1,46m,Single Arm Machine Lat Row,2,115.0,10,0,0,,,
2022-02-10 05:24:13,Pull 1,46m,Single Arm Machine Lat Row,3,115.0,10,0,0,,,
2022-02-10 05:24:13,Pull 1,46m,Tall Kneeling Lat Pull Down ,1,140.0,10,0,0,,,
2022-02-10 05:24:13,Pull 1,46m,Tall Kneeling Lat Pull Down ,2,140.0,12,0,0,,,
2022-02-10 05:24:13,Pull 1,46m,Tall Kneeling Lat Pull Down ,3,140.0,12,0,0,,,
2022-02-10 05:24:13,Pull 1,46m,Bicep Curl (Cable),1,57.5,12,0,0,,,
2022-02-10 05:24:13,Pull 1,46m,Bicep Curl (Cable),2,57.5,12,0,0,,,
2022-02-10 05:24:13,Pull 1,46m,Bicep Curl (Cable),3,57.5,12,0,0,,,
2022-02-11 16:45:11,Legs,1h 45m,Squat (Barbell),1,285.0,8,0,0,,,
2022-02-11 16:45:11,Legs,1h 45m,Squat (Barbell),2,285.0,8,0,0,,,
2022-02-11 16:45:11,Legs,1h 45m,Front Squat (Barbell),1,155.0,10,0,0,,,
2022-02-11 16:45:11,Legs,1h 45m,Front Squat (Barbell),2,155.0,10,0,0,,,
2022-02-11 16:45:11,Legs,1h 45m,Good Morning (Barbell),1,132.0,12,0,0,,,
2022-02-11 16:45:11,Legs,1h 45m,Good Morning (Barbell),2,155.0,10,0,0,,,
2022-02-11 16:45:11,Legs,1h 45m,Good Morning (Barbell),3,155.0,10,0,0,,,
2022-02-11 16:45:11,Legs,1h 45m,Lateral Lunge,1,80.0,12,0,0,,,
2022-02-11 16:45:11,Legs,1h 45m,Lateral Lunge,2,80.0,12,0,0,,,
2022-02-11 16:45:11,Legs,1h 45m,Lateral Lunge,3,80.0,10,0,0,,,
2022-02-11 16:45:11,Legs,1h 45m,Lying Hamstring Curl,1,45.0,12,0,0,,,
2022-02-11 16:45:11,Legs,1h 45m,Lying Hamstring Curl,2,45.0,12,0,0,,,
2022-02-11 16:45:11,Legs,1h 45m,Lying Hamstring Curl,3,45.0,12,0,0,,,
2022-02-11 16:45:11,Legs,1h 45m,Single Leg Standing Calf Machine,1,120.0,12,0,0,,,
2022-02-11 16:45:11,Legs,1h 45m,Single Leg Standing Calf Machine,2,120.0,12,0,0,,,
2022-02-11 16:45:11,Legs,1h 45m,Single Leg Standing Calf Machine,3,120.0,12,0,0,,,
2022-02-12 12:23:23,Push 1,41h 24m,Bench Press (Barbell),1,275.0,5,0,0,,,
2022-02-12 12:23:23,Push 1,41h 24m,Bench Press (Barbell),2,275.0,5,0,0,,,
2022-02-12 12:23:23,Push 1,41h 24m,Bench Press (Barbell),3,275.0,5,0,0,,,
2022-02-12 12:23:23,Push 1,41h 24m,Shoulder Press (Machine),1,225.0,10,0,0,,,
2022-02-12 12:23:23,Push 1,41h 24m,Shoulder Press (Machine),2,225.0,10,0,0,,,
2022-02-12 12:23:23,Push 1,41h 24m,Shoulder Press (Machine),3,225.0,8,0,0,,,
2022-02-12 12:23:23,Push 1,41h 24m,Incline Bench Press (Dumbbell),1,95.0,8,0,0,,,
2022-02-12 12:23:23,Push 1,41h 24m,Incline Bench Press (Dumbbell),2,95.0,8,0,0,,,
2022-02-12 12:23:23,Push 1,41h 24m,Incline Bench Press (Dumbbell),3,95.0,8,0,0,,,
2022-02-12 12:23:23,Push 1,41h 24m,Lateral Raise (Dumbbell),1,17.5,12,0,0,,,
2022-02-12 12:23:23,Push 1,41h 24m,Lateral Raise (Dumbbell),2,17.5,12,0,0,,,
2022-02-12 12:23:23,Push 1,41h 24m,Lateral Raise (Dumbbell),3,17.5,10,0,0,,,
2022-02-14 05:47:52,Leg 2,23h 41m,Single Leg Leg Press,1,160.0,10,0,0,,,
2022-02-14 05:47:52,Leg 2,23h 41m,Single Leg Leg Press,2,160.0,12,0,0,,,
2022-02-14 05:47:52,Leg 2,23h 41m,Single Leg Leg Press,3,160.0,12,0,0,,,
2022-02-14 05:47:52,Leg 2,23h 41m,Glute Ham Raise,1,0.0,9,0,0,,,
2022-02-14 05:47:52,Leg 2,23h 41m,Glute Ham Raise,2,0.0,9,0,0,,,
2022-02-14 05:47:52,Leg 2,23h 41m,Glute Ham Raise,3,0.0,9,0,0,,,
2022-02-15 05:30:04,Pull 2,48h 16m,Knee Raise (Captain's Chair),1,22.5,12,0,0,,,
2022-02-15 05:30:04,Pull 2,48h 16m,Knee Raise (Captain's Chair),2,22.5,12,0,0,,,
2022-02-15 05:30:04,Pull 2,48h 16m,Knee Raise (Captain's Chair),3,22.5,12,0,0,,,
2022-02-15 05:30:04,Pull 2,48h 16m,Hammer Curl (Dumbbell),1,50.0,12,0,0,,,
2022-02-15 05:30:04,Pull 2,48h 16m,Hammer Curl (Dumbbell),2,50.0,10,0,0,,,
2022-02-15 05:30:04,Pull 2,48h 16m,Hammer Curl (Dumbbell),3,50.0,10,0,0,,,
2022-02-15 05:30:04,Pull 2,48h 16m,Single Arm Neutral Grip Lat Pull Down,1,80.0,12,0,0,,,
2022-02-15 05:30:04,Pull 2,48h 16m,Single Arm Neutral Grip Lat Pull Down,2,80.0,12,0,0,,,
2022-02-15 05:30:04,Pull 2,48h 16m,Single Arm Neutral Grip Lat Pull Down,3,80.0,12,0,0,,,
2022-02-15 05:30:04,Pull 2,48h 16m,Reverse Fly (Dumbbell),1,15.0,12,0,0,,,
2022-02-15 05:30:04,Pull 2,48h 16m,Reverse Fly (Dumbbell),2,15.0,12,0,0,,,
2022-02-15 05:30:04,Pull 2,48h 16m,Reverse Fly (Dumbbell),3,15.0,12,0,0,,,
2022-02-15 05:30:04,Pull 2,48h 16m,Seated Wide-Grip Row (Cable),1,65.0,12,0,0,,,
2022-02-15 05:30:04,Pull 2,48h 16m,Seated Wide-Grip Row (Cable),2,65.0,12,0,0,,,
2022-02-15 05:30:04,Pull 2,48h 16m,Seated Wide-Grip Row (Cable),3,65.0,12,0,0,,,
2022-02-15 05:30:04,Pull 2,48h 16m,Single Arm Cable Row,1,62.5,12,0,0,,,
2022-02-15 05:30:04,Pull 2,48h 16m,Single Arm Cable Row,2,62.5,12,0,0,,,
2022-02-15 05:30:04,Pull 2,48h 16m,Single Arm Cable Row,3,62.5,12,0,0,,,
2022-02-17 05:47:09,Pull 1,40m,Cable Crunch,1,60.0,12,0,0,,,
2022-02-17 05:47:09,Pull 1,40m,Cable Crunch,2,60.0,12,0,0,,,
2022-02-17 05:47:09,Pull 1,40m,Cable Crunch,3,60.0,12,0,0,,,
2022-02-17 05:47:09,Pull 1,40m,Oblique Twist,1,50.0,12,0,0,,,
2022-02-17 05:47:09,Pull 1,40m,Oblique Twist,2,50.0,12,0,0,,,
2022-02-17 05:47:09,Pull 1,40m,Oblique Twist,3,50.0,12,0,0,,,
2022-02-17 05:47:09,Pull 1,40m,Machine Row Middle Grip ,1,120.0,10,0,0,,,
2022-02-17 05:47:09,Pull 1,40m,Machine Row Middle Grip ,2,120.0,10,0,0,,,
2022-02-17 05:47:09,Pull 1,40m,Machine Row Middle Grip ,3,120.0,10,0,0,,,
2022-02-17 05:47:09,Pull 1,40m,Single Arm Machine Lat Row,1,120.0,10,0,0,,,
2022-02-17 05:47:09,Pull 1,40m,Single Arm Machine Lat Row,2,120.0,10,0,0,,,
2022-02-17 05:47:09,Pull 1,40m,Single Arm Machine Lat Row,3,120.0,10,0,0,,,
2022-02-17 05:47:09,Pull 1,40m,Tall Kneeling Lat Pull Down ,1,145.0,10,0,0,,,
2022-02-17 05:47:09,Pull 1,40m,Tall Kneeling Lat Pull Down ,2,145.0,10,0,0,,,
2022-02-17 05:47:09,Pull 1,40m,Tall Kneeling Lat Pull Down ,3,145.0,10,0,0,,,
2022-02-17 05:47:09,Pull 1,40m,Bicep Curl (Cable),1,57.5,12,0,0,,,
2022-02-17 05:47:09,Pull 1,40m,Bicep Curl (Cable),2,57.5,12,0,0,,,
2022-02-17 05:47:09,Pull 1,40m,Bicep Curl (Cable),3,57.5,12,0,0,,,
2022-02-18 17:35:22,Legs,17h 33m,Squat (Barbell),1,295.0,8,0,0,,,
2022-02-18 17:35:22,Legs,17h 33m,Squat (Barbell),2,295.0,8,0,0,,,
2022-02-18 17:35:22,Legs,17h 33m,Front Squat (Barbell),1,155.0,11,0,0,,,
2022-02-18 17:35:22,Legs,17h 33m,Front Squat (Barbell),2,165.0,10,0,0,,,
2022-02-18 17:35:22,Legs,17h 33m,Good Morning (Barbell),1,155.0,10,0,0,,,
2022-02-18 17:35:22,Legs,17h 33m,Good Morning (Barbell),2,155.0,11,0,0,,,
2022-02-18 17:35:22,Legs,17h 33m,Good Morning (Barbell),3,155.0,10,0,0,,,
2022-02-18 17:35:22,Legs,17h 33m,Bulgarian Split Squat,1,74.99999999999999,12,0,0,,,
2022-02-18 17:35:22,Legs,17h 33m,Bulgarian Split Squat,2,74.99999999999999,10,0,0,,,
2022-02-18 17:35:22,Legs,17h 33m,Bulgarian Split Squat,3,74.99999999999999,10,0,0,,,
2022-02-18 17:35:22,Legs,17h 33m,Lying Hamstring Curl,1,45.0,10,0,0,,,
2022-02-18 17:35:22,Legs,17h 33m,Lying Hamstring Curl,2,45.0,10,0,0,,,
2022-02-18 17:35:22,Legs,17h 33m,Lying Hamstring Curl,3,30.0,10,0,0,,,
2022-02-18 17:35:22,Legs,17h 33m,Single Leg Standing Calf Machine,1,120.0,12,0,0,,,
2022-02-18 17:35:22,Legs,17h 33m,Single Leg Standing Calf Machine,2,120.0,12,0,0,,,
2022-02-18 17:35:22,Legs,17h 33m,Single Leg Standing Calf Machine,3,120.0,12,0,0,,,
2022-02-19 11:08:42,Push 1,50m,Bench Press (Barbell),1,275.0,6,0,0,,,
2022-02-19 11:08:42,Push 1,50m,Bench Press (Barbell),2,275.0,5,0,0,,,
2022-02-19 11:08:42,Push 1,50m,Bench Press (Barbell),3,275.0,5,0,0,,,
2022-02-19 11:08:42,Push 1,50m,Single Arm Seated Shoulder Press,1,50.0,10,0,0,,,
2022-02-19 11:08:42,Push 1,50m,Single Arm Seated Shoulder Press,2,50.0,10,0,0,,,
2022-02-19 11:08:42,Push 1,50m,Single Arm Seated Shoulder Press,3,50.0,10,0,0,,,
2022-02-19 11:08:42,Push 1,50m,Incline Bench Press (Dumbbell),1,95.0,10,0,0,,,
2022-02-19 11:08:42,Push 1,50m,Incline Bench Press (Dumbbell),2,95.0,8,0,0,,,
2022-02-19 11:08:42,Push 1,50m,Incline Bench Press (Dumbbell),3,95.0,8,0,0,,,
2022-02-19 11:08:42,Push 1,50m,Lateral Raise (Dumbbell),1,17.5,12,0,0,,,
2022-02-19 11:08:42,Push 1,50m,Lateral Raise (Dumbbell),2,17.5,12,0,0,,,
2022-02-19 11:08:42,Push 1,50m,Lateral Raise (Dumbbell),3,17.5,10,0,0,,,
2022-02-19 11:08:42,Push 1,50m,Chest Fly (Dumbbell),1,40.0,10,0,0,,,
2022-02-19 11:08:42,Push 1,50m,Chest Fly (Dumbbell),2,40.0,0,0,0,,,
2022-02-19 11:08:42,Push 1,50m,Chest Fly (Dumbbell),3,40.0,10,0,0,,,
2022-02-19 11:08:42,Push 1,50m,Triceps Pushdown (Cable - Straight Bar),1,40.0,12,0,0,,,
2022-02-19 11:08:42,Push 1,50m,Triceps Pushdown (Cable - Straight Bar),2,45.0,12,0,0,,,
2022-02-19 11:08:42,Push 1,50m,Triceps Pushdown (Cable - Straight Bar),3,45.0,12,0,0,,,
2022-02-19 11:08:42,Push 1,50m,Triceps Extension (Cable),1,40.0,12,0,0,,,
2022-02-19 11:08:42,Push 1,50m,Triceps Extension (Cable),2,45.0,12,0,0,,,
2022-02-19 11:08:42,Push 1,50m,Triceps Extension (Cable),3,45.0,12,0,0,,,
2022-02-19 11:08:42,Push 1,50m,Face Pull (Cable),1,25.0,12,0,0,,,
2022-02-19 11:08:42,Push 1,50m,Face Pull (Cable),2,25.0,12,0,0,,,
2022-02-19 11:08:42,Push 1,50m,Face Pull (Cable),3,25.0,12,0,0,,,
2022-02-21 16:36:28,Leg 2,13h 10m,Hack Squat,1,195.0,10,0,0,,,
2022-02-21 16:36:28,Leg 2,13h 10m,Hack Squat,2,195.0,10,0,0,,,
2022-02-21 16:36:28,Leg 2,13h 10m,Hack Squat,3,195.0,10,0,0,,,
2022-02-21 16:36:28,Leg 2,13h 10m,Single Leg Hip Thrust,1,0.0,12,0,0,,,
2022-02-21 16:36:28,Leg 2,13h 10m,Single Leg Hip Thrust,2,0.0,12,0,0,,,
2022-02-21 16:36:28,Leg 2,13h 10m,Single Leg Hip Thrust,3,0.0,12,0,0,,,
2022-02-21 16:36:28,Leg 2,13h 10m,Single Leg Standing Calf Machine,1,195.0,10,0,0,,,
2022-02-21 16:36:28,Leg 2,13h 10m,Single Leg Standing Calf Machine,2,185.00000000000003,10,0,0,,,
2022-02-21 16:36:28,Leg 2,13h 10m,Single Leg Standing Calf Machine,3,185.00000000000003,10,0,0,,,
2022-02-21 16:36:28,Leg 2,13h 10m,Single Leg Leg Press,1,160.0,12,0,0,,,
2022-02-21 16:36:28,Leg 2,13h 10m,Single Leg Leg Press,2,160.0,12,0,0,,,
2022-02-21 16:36:28,Leg 2,13h 10m,Single Leg Leg Press,3,160.0,12,0,0,,,
2022-02-21 16:36:28,Leg 2,13h 10m,Glute Ham Raise,1,0.0,10,0,0,,,
2022-02-21 16:36:28,Leg 2,13h 10m,Glute Ham Raise,2,0.0,10,0,0,,,
2022-02-21 16:36:28,Leg 2,13h 10m,Glute Ham Raise,3,0.0,10,0,0,,,
2022-02-22 05:46:51,Pull 2,22m,Knee Raise (Captain's Chair),1,22.5,12,0,0,,,
2022-02-22 05:46:51,Pull 2,22m,Knee Raise (Captain's Chair),2,22.5,12,0,0,,,
2022-02-22 05:46:51,Pull 2,22m,Knee Raise (Captain's Chair),3,22.5,12,0,0,,,
2022-02-22 05:46:51,Pull 2,22m,Single Arm Neutral Grip Lat Pull Down,1,90.0,10,0,0,,,
2022-02-22 05:46:51,Pull 2,22m,Single Arm Neutral Grip Lat Pull Down,2,90.0,10,0,0,,,
2022-02-22 05:46:51,Pull 2,22m,Single Arm Neutral Grip Lat Pull Down,3,90.0,10,0,0,,,
2022-02-22 05:46:51,Pull 2,22m,Reverse Fly (Dumbbell),1,30.0,12,0,0,,,
2022-02-22 05:46:51,Pull 2,22m,Reverse Fly (Dumbbell),2,35.0,12,0,0,,,
2022-02-22 05:46:51,Pull 2,22m,Reverse Fly (Dumbbell),3,35.0,12,0,0,,,
2022-02-22 05:46:51,Pull 2,22m,Seated Wide-Grip Row (Cable),1,70.0,12,0,0,,,
2022-02-22 05:46:51,Pull 2,22m,Seated Wide-Grip Row (Cable),2,70.0,12,0,0,,,
2022-02-22 05:46:51,Pull 2,22m,Seated Wide-Grip Row (Cable),3,70.0,12,0,0,,,
2022-02-22 05:46:51,Pull 2,22m,Single Arm Cable Row,1,65.0,10,0,0,,,
2022-02-22 05:46:51,Pull 2,22m,Single Arm Cable Row,2,70.0,10,0,0,,,
2022-02-22 05:46:51,Pull 2,22m,Single Arm Cable Row,3,70.0,10,0,0,,,
2022-02-24 15:57:00,Pull 1,14h 6m,Cable Crunch,1,60.0,12,0,0,,,
2022-02-24 15:57:00,Pull 1,14h 6m,Cable Crunch,2,60.0,12,0,0,,,
2022-02-24 15:57:00,Pull 1,14h 6m,Cable Crunch,3,60.0,12,0,0,,,
2022-02-24 15:57:00,Pull 1,14h 6m,Oblique Twist,1,50.0,12,0,0,,,
2022-02-24 15:57:00,Pull 1,14h 6m,Oblique Twist,2,50.0,12,0,0,,,
2022-02-24 15:57:00,Pull 1,14h 6m,Oblique Twist,3,50.0,12,0,0,,,
2022-02-24 15:57:00,Pull 1,14h 6m,Machine Row Middle Grip ,1,125.0,10,0,0,,,
2022-02-24 15:57:00,Pull 1,14h 6m,Machine Row Middle Grip ,2,125.0,10,0,0,,,
2022-02-24 15:57:00,Pull 1,14h 6m,Machine Row Middle Grip ,3,125.0,10,0,0,,,
2022-02-24 15:57:00,Pull 1,14h 6m,Single Arm Machine Lat Row,1,125.0,10,0,0,,,
2022-02-24 15:57:00,Pull 1,14h 6m,Single Arm Machine Lat Row,2,125.0,10,0,0,,,
2022-02-24 15:57:00,Pull 1,14h 6m,Single Arm Machine Lat Row,3,125.0,10,0,0,,,
2022-02-24 15:57:00,Pull 1,14h 6m,Tall Kneeling Lat Pull Down ,1,140.0,12,0,0,,,
2022-02-24 15:57:00,Pull 1,14h 6m,Tall Kneeling Lat Pull Down ,2,149.99999999999997,10,0,0,,,
2022-02-24 15:57:00,Pull 1,14h 6m,Tall Kneeling Lat Pull Down ,3,140.0,12,0,0,,,
2022-02-24 15:57:00,Pull 1,14h 6m,Bicep Curl (Cable),1,57.5,12,0,0,,,
2022-02-24 15:57:00,Pull 1,14h 6m,Bicep Curl (Cable),2,57.5,12,0,0,,,
2022-02-24 15:57:00,Pull 1,14h 6m,Bicep Curl (Cable),3,57.5,12,0,0,,,
2022-02-25 06:04:20,Leg 1,1h 6m,RDL,1,245.00000000000003,10,0,0,Smith Machine,,
2022-02-25 06:04:20,Leg 1,1h 6m,RDL,2,245.00000000000003,10,0,0,,,
2022-02-25 06:04:20,Leg 1,1h 6m,RDL,3,245.00000000000003,10,0,0,,,
2022-02-25 06:04:20,Leg 1,1h 6m,Bulgarian Split Squat,1,80.0,10,0,0,,,
2022-02-25 06:04:20,Leg 1,1h 6m,Bulgarian Split Squat,2,80.0,10,0,0,,,
2022-02-25 06:04:20,Leg 1,1h 6m,Bulgarian Split Squat,3,80.0,10,0,0,,,
2022-02-25 06:04:20,Leg 1,1h 6m,Leg Extension (Machine),1,60.0,10,0,0,,,
2022-02-25 06:04:20,Leg 1,1h 6m,Leg Extension (Machine),2,60.0,10,0,0,,,
2022-02-25 06:04:20,Leg 1,1h 6m,Leg Extension (Machine),3,60.0,8,0,0,,,
2022-02-25 06:04:20,Leg 1,1h 6m,Seated Leg Curl (Machine),1,130.0,12,0,0,,,
2022-02-25 06:04:20,Leg 1,1h 6m,Seated Leg Curl (Machine),2,130.0,12,0,0,,,
2022-02-25 06:04:20,Leg 1,1h 6m,Seated Leg Curl (Machine),3,130.0,10,0,0,,,
2022-02-28 05:28:47,Leg 2,48m,Hack Squat,1,225.0,10,0,0,,,
2022-02-28 05:28:47,Leg 2,48m,Hack Squat,2,245.00000000000003,12,0,0,,,
2022-02-28 05:28:47,Leg 2,48m,Hack Squat,3,245.00000000000003,12,0,0,,,
2022-02-28 05:28:47,Leg 2,48m,Single Leg Standing Calf Machine,1,225.0,12,0,0,,,
2022-02-28 05:28:47,Leg 2,48m,Single Leg Standing Calf Machine,2,245.00000000000003,12,0,0,,,
2022-02-28 05:28:47,Leg 2,48m,Single Leg Standing Calf Machine,3,245.00000000000003,12,0,0,,,
2022-02-28 05:28:47,Leg 2,48m,Single Leg Leg Press,1,180.0,10,0,0,,,
2022-02-28 05:28:47,Leg 2,48m,Single Leg Leg Press,2,180.0,10,0,0,,,
2022-02-28 05:28:47,Leg 2,48m,Single Leg Leg Press,3,180.0,10,0,0,,,
2022-02-28 05:28:47,Leg 2,48m,Glute Ham Raise,1,0.0,10,0,0,,,
2022-02-28 05:28:47,Leg 2,48m,Glute Ham Raise,2,0.0,10,0,0,,,
2022-02-28 05:28:47,Leg 2,48m,Glute Ham Raise,3,0.0,10,0,0,,,
2022-03-01 05:30:12,Pull 2,1h 2m,Knee Raise (Captain's Chair),1,25.0,10,0,0,,,
2022-03-01 05:30:12,Pull 2,1h 2m,Knee Raise (Captain's Chair),2,25.0,10,0,0,,,
2022-03-01 05:30:12,Pull 2,1h 2m,Knee Raise (Captain's Chair),3,25.0,10,0,0,,,
2022-03-01 05:30:12,Pull 2,1h 2m,Preacher Curl (Machine),1,110.0,12,0,0,,,
2022-03-01 05:30:12,Pull 2,1h 2m,Preacher Curl (Machine),2,110.0,12,0,0,,,
2022-03-01 05:30:12,Pull 2,1h 2m,Preacher Curl (Machine),3,110.0,12,0,0,,,
2022-03-01 05:30:12,Pull 2,1h 2m,Single Arm Neutral Grip Lat Pull Down,1,92.5,10,0,0,,,
2022-03-01 05:30:12,Pull 2,1h 2m,Single Arm Neutral Grip Lat Pull Down,2,92.5,10,0,0,,,
2022-03-01 05:30:12,Pull 2,1h 2m,Single Arm Neutral Grip Lat Pull Down,3,92.5,10,0,0,,,
2022-03-01 05:30:12,Pull 2,1h 2m,Reverse Fly (Dumbbell),1,35.0,12,0,0,,,
2022-03-01 05:30:12,Pull 2,1h 2m,Reverse Fly (Dumbbell),2,35.0,12,0,0,,,
2022-03-01 05:30:12,Pull 2,1h 2m,Reverse Fly (Dumbbell),3,35.0,12,0,0,,,
2022-03-01 05:30:12,Pull 2,1h 2m,Seated Wide-Grip Row (Cable),1,72.5,10,0,0,,,
2022-03-01 05:30:12,Pull 2,1h 2m,Seated Wide-Grip Row (Cable),2,72.5,10,0,0,,,
2022-03-01 05:30:12,Pull 2,1h 2m,Seated Wide-Grip Row (Cable),3,72.5,10,0,0,,,
2022-03-01 05:30:12,Pull 2,1h 2m,Single Arm Cable Row,1,72.5,10,0,0,,,
2022-03-01 05:30:12,Pull 2,1h 2m,Single Arm Cable Row,2,72.5,10,0,0,,,
2022-03-01 05:30:12,Pull 2,1h 2m,Single Arm Cable Row,3,72.5,10,0,0,,,
2022-03-03 05:53:09,Pull 1,41m,Cable Crunch,1,60.0,12,0,0,,,
2022-03-03 05:53:09,Pull 1,41m,Cable Crunch,2,65.0,10,0,0,,,
2022-03-03 05:53:09,Pull 1,41m,Cable Crunch,3,65.0,10,0,0,,,
2022-03-03 05:53:09,Pull 1,41m,Oblique Twist,1,50.0,12,0,0,,,
2022-03-03 05:53:09,Pull 1,41m,Oblique Twist,2,55.0,12,0,0,,,
2022-03-03 05:53:09,Pull 1,41m,Oblique Twist,3,55.0,12,0,0,,,
2022-03-03 05:53:09,Pull 1,41m,Machine Row Middle Grip ,1,135.0,8,0,0,,,
2022-03-03 05:53:09,Pull 1,41m,Machine Row Middle Grip ,2,135.0,8,0,0,,,
2022-03-03 05:53:09,Pull 1,41m,Machine Row Middle Grip ,3,135.0,8,0,0,,,
2022-03-03 05:53:09,Pull 1,41m,Single Arm Machine Lat Row,1,135.0,8,0,0,,,
2022-03-03 05:53:09,Pull 1,41m,Single Arm Machine Lat Row,2,135.0,8,0,0,,,
2022-03-03 05:53:09,Pull 1,41m,Single Arm Machine Lat Row,3,135.0,8,0,0,,,
2022-03-03 05:53:09,Pull 1,41m,Tall Kneeling Lat Pull Down ,1,145.0,12,0,0,,,
2022-03-03 05:53:09,Pull 1,41m,Tall Kneeling Lat Pull Down ,2,145.0,12,0,0,,,
2022-03-03 05:53:09,Pull 1,41m,Tall Kneeling Lat Pull Down ,3,145.0,12,0,0,,,
2022-03-03 05:53:09,Pull 1,41m,Bicep Curl (Cable),1,57.5,12,0,0,,,
2022-03-03 05:53:09,Pull 1,41m,Bicep Curl (Cable),2,57.5,12,0,0,,,
2022-03-03 05:53:09,Pull 1,41m,Bicep Curl (Cable),3,57.5,12,0,0,,,
2022-03-04 14:52:06,Legs,389h 23m,Squat (Barbell),1,305.0,8,0,0,,,
2022-03-04 14:52:06,Legs,389h 23m,Squat (Barbell),2,305.0,8,0,0,,,
2022-03-04 14:52:06,Legs,389h 23m,Front Squat (Barbell),1,155.0,10,0,0,,,
2022-03-04 14:52:06,Legs,389h 23m,Front Squat (Barbell),2,165.0,12,0,0,,,
2022-03-04 14:52:06,Legs,389h 23m,Good Morning (Barbell),1,165.0,10,0,0,,,
2022-03-04 14:52:06,Legs,389h 23m,Good Morning (Barbell),2,165.0,10,0,0,,,
2022-03-04 14:52:06,Legs,389h 23m,Good Morning (Barbell),3,165.0,8,0,0,,,
2022-03-21 05:52:58,Leg 1,37m,Squat (Machine),1,225.0,10,0,0,,,
2022-03-21 05:52:58,Leg 1,37m,Squat (Machine),2,225.0,10,0,0,,,
2022-03-21 05:52:58,Leg 1,37m,Squat (Machine),3,225.0,10,0,0,,,
2022-03-21 05:52:58,Leg 1,37m,Machine RDL,1,225.0,10,0,0,,,
2022-03-21 05:52:58,Leg 1,37m,Machine RDL,2,225.0,10,0,0,,,
2022-03-21 05:52:58,Leg 1,37m,Machine RDL,3,225.0,10,0,0,,,
2022-03-21 05:52:58,Leg 1,37m,Standing Calf Raise (Machine),1,225.0,10,0,0,,,
2022-03-21 05:52:58,Leg 1,37m,Standing Calf Raise (Machine),2,225.0,10,0,0,,,
2022-03-21 05:52:58,Leg 1,37m,Standing Calf Raise (Machine),3,225.0,10,0,0,,,
2022-03-21 05:52:58,Leg 1,37m,Machine Lunge,1,60.0,10,0,0,,,
2022-03-21 05:52:58,Leg 1,37m,Machine Lunge,2,60.0,10,0,0,,,
2022-03-21 05:52:58,Leg 1,37m,Machine Lunge,3,60.0,10,0,0,,,
2022-03-21 05:52:58,Leg 1,37m,Single Leg Standing Hamstring Curl,1,40.0,10,0,0,,,
2022-03-21 05:52:58,Leg 1,37m,Single Leg Standing Hamstring Curl,2,40.0,10,0,0,,,
2022-03-21 05:52:58,Leg 1,37m,Single Leg Standing Hamstring Curl,3,40.0,10,0,0,,,
2022-03-22 05:59:53,Pull 2,23h 35m,Knee Raise (Captain's Chair),1,0.0,10,0,0,,,
2022-03-22 05:59:53,Pull 2,23h 35m,Knee Raise (Captain's Chair),2,0.0,10,0,0,,,
2022-03-22 05:59:53,Pull 2,23h 35m,Knee Raise (Captain's Chair),3,0.0,10,0,0,,,
2022-03-22 05:59:53,Pull 2,23h 35m,Bicep Curl (Machine),1,115.0,12,0,0,,,
2022-03-22 05:59:53,Pull 2,23h 35m,Bicep Curl (Machine),2,115.0,12,0,0,,,
2022-03-22 05:59:53,Pull 2,23h 35m,Bicep Curl (Machine),3,115.0,12,0,0,,,
2022-03-22 05:59:53,Pull 2,23h 35m,Machine Neutral Grip Row,1,120.0,12,0,0,,,
2022-03-22 05:59:53,Pull 2,23h 35m,Machine Neutral Grip Row,2,125.0,12,0,0,,,
2022-03-22 05:59:53,Pull 2,23h 35m,Machine Neutral Grip Row,3,125.0,12,0,0,,,
2022-03-22 05:59:53,Pull 2,23h 35m,Y Flys,1,15.0,12,0,0,,,
2022-03-22 05:59:53,Pull 2,23h 35m,Y Flys,2,15.0,12,0,0,,,
2022-03-22 05:59:53,Pull 2,23h 35m,Y Flys,3,15.0,12,0,0,,,
2022-03-22 05:59:53,Pull 2,23h 35m,Lat Pulldown (Cable),1,125.0,10,0,0,,,
2022-03-22 05:59:53,Pull 2,23h 35m,Lat Pulldown (Cable),2,125.0,10,0,0,,,
2022-03-22 05:59:53,Pull 2,23h 35m,Lat Pulldown (Cable),3,125.0,10,0,0,,,
2022-03-22 05:59:53,Pull 2,23h 35m,Dumbbell Low Row,1,70.0,10,0,0,,,
2022-03-22 05:59:53,Pull 2,23h 35m,Dumbbell Low Row,2,70.0,10,0,0,,,
2022-03-22 05:59:53,Pull 2,23h 35m,Dumbbell Low Row,3,70.0,10,0,0,,,
2022-03-23 05:50:53,Push 2,23h 41m,Incline Chest Press (Machine),1,225.0,12,0,0,,,
2022-03-23 05:50:53,Push 2,23h 41m,Incline Chest Press (Machine),2,225.0,12,0,0,,,
2022-03-23 05:50:53,Push 2,23h 41m,Incline Chest Press (Machine),3,225.0,12,0,0,,,
2022-03-23 05:50:53,Push 2,23h 41m,Face Pull (Cable),1,57.5,12,0,0,,,
2022-03-23 05:50:53,Push 2,23h 41m,Face Pull (Cable),2,57.5,12,0,0,,,
2022-03-23 05:50:53,Push 2,23h 41m,Face Pull (Cable),3,57.5,12,0,0,,,
2022-03-23 05:50:53,Push 2,23h 41m,Bottoms Up Kettlebell Press,1,20.0,10,0,0,,,
2022-03-23 05:50:53,Push 2,23h 41m,Bottoms Up Kettlebell Press,2,20.0,10,0,0,,,
2022-03-23 05:50:53,Push 2,23h 41m,Bottoms Up Kettlebell Press,3,20.0,10,0,0,,,
2022-03-23 05:50:53,Push 2,23h 41m,Floor Fly,1,40.0,12,0,0,,,
2022-03-23 05:50:53,Push 2,23h 41m,Floor Fly,2,40.0,12,0,0,,,
2022-03-23 05:50:53,Push 2,23h 41m,Floor Fly,3,40.0,12,0,0,,,
2022-03-24 05:48:26,Pull 1,44m,Pull Up,1,0.0,8,0,0,,,
2022-03-24 05:48:26,Pull 1,44m,Pull Up,2,0.0,8,0,0,,,
2022-03-24 05:48:26,Pull 1,44m,Pull Up,3,0.0,8,0,0,,,
2022-03-24 05:48:26,Pull 1,44m,Reverse Fly (Cable),1,35.0,12,0,0,,,
2022-03-24 05:48:26,Pull 1,44m,Reverse Fly (Cable),2,35.0,12,0,0,,,
2022-03-24 05:48:26,Pull 1,44m,Reverse Fly (Cable),3,35.0,12,0,0,,,
2022-03-24 05:48:26,Pull 1,44m,Bent Over Row - Underhand (Barbell),1,95.0,12,0,0,,,
2022-03-24 05:48:26,Pull 1,44m,Bent Over Row - Underhand (Barbell),2,95.0,12,0,0,,,
2022-03-24 05:48:26,Pull 1,44m,Bent Over Row - Underhand (Barbell),3,95.0,12,0,0,,,
2022-03-24 05:48:26,Pull 1,44m,Bicep Curl (Cable),1,57.5,10,0,0,,,
2022-03-24 05:48:26,Pull 1,44m,Bicep Curl (Cable),2,57.5,10,0,0,,,
2022-03-24 05:48:26,Pull 1,44m,Bicep Curl (Cable),3,57.5,10,0,0,,,
2022-03-24 05:48:26,Pull 1,44m,Seated Row (Cable),1,140.0,10,0,0,,,
2022-03-24 05:48:26,Pull 1,44m,Seated Row (Cable),2,120.0,10,0,0,,,
2022-03-24 05:48:26,Pull 1,44m,Seated Row (Cable),3,100.0,0,0,0,,,
2022-03-24 05:48:26,Pull 1,44m,Weho Row,1,40.0,10,0,0,,,
2022-03-24 05:48:26,Pull 1,44m,Weho Row,2,40.0,10,0,0,,,
2022-03-24 05:48:26,Pull 1,44m,Weho Row,3,40.0,10,0,0,,,
2022-03-26 11:41:38,Legs 2,41h 38m,Front Squat (Barbell),1,165.0,10,0,0,,,
2022-03-26 11:41:38,Legs 2,41h 38m,Front Squat (Barbell),2,165.0,10,0,0,,,
2022-03-26 11:41:38,Legs 2,41h 38m,Front Squat (Barbell),3,165.0,10,0,0,,,
2022-03-28 05:20:28,Pull 2,23h 53m,Knee Raise (Captain's Chair),1,0.0,12,0,0,,,
2022-03-28 05:20:28,Pull 2,23h 53m,Knee Raise (Captain's Chair),2,0.0,12,0,0,,,
2022-03-28 05:20:28,Pull 2,23h 53m,Knee Raise (Captain's Chair),3,0.0,12,0,0,,,
2022-03-28 05:20:28,Pull 2,23h 53m,Bicep Curl (Machine),1,120.0,10,0,0,,,
2022-03-28 05:20:28,Pull 2,23h 53m,Bicep Curl (Machine),2,120.0,10,0,0,,,
2022-03-28 05:20:28,Pull 2,23h 53m,Bicep Curl (Machine),3,120.0,10,0,0,,,
2022-03-28 05:20:28,Pull 2,23h 53m,Machine Neutral Grip Row,1,120.0,12,0,0,,,
2022-03-28 05:20:28,Pull 2,23h 53m,Machine Neutral Grip Row,2,140.0,12,0,0,,,
2022-03-28 05:20:28,Pull 2,23h 53m,Machine Neutral Grip Row,3,140.0,12,0,0,,,
2022-03-28 05:20:28,Pull 2,23h 53m,Y Flys,1,20.0,12,0,0,,,
2022-03-28 05:20:28,Pull 2,23h 53m,Y Flys,2,20.0,12,0,0,,,
2022-03-28 05:20:28,Pull 2,23h 53m,Y Flys,3,20.0,12,0,0,,,
2022-03-28 05:20:28,Pull 2,23h 53m,Lat Pulldown (Cable),1,125.0,12,0,0,,,
2022-03-28 05:20:28,Pull 2,23h 53m,Lat Pulldown (Cable),2,125.0,12,0,0,,,
2022-03-28 05:20:28,Pull 2,23h 53m,Lat Pulldown (Cable),3,125.0,12,0,0,,,
2022-03-28 05:20:28,Pull 2,23h 53m,Dumbbell Low Row,1,70.0,12,0,0,,,
2022-03-28 05:20:28,Pull 2,23h 53m,Dumbbell Low Row,2,70.0,12,0,0,,,
2022-03-28 05:20:28,Pull 2,23h 53m,Dumbbell Low Row,3,70.0,12,0,0,,,
2022-03-29 05:14:18,Leg 1,36m,Squat (Machine),1,225.0,12,0,0,,,
2022-03-29 05:14:18,Leg 1,36m,Squat (Machine),2,225.0,12,0,0,,,
2022-03-29 05:14:18,Leg 1,36m,Squat (Machine),3,225.0,12,0,0,,,
2022-03-29 05:14:18,Leg 1,36m,Machine RDL,1,225.0,12,0,0,,,
2022-03-29 05:14:18,Leg 1,36m,Machine RDL,2,225.0,12,0,0,,,
2022-03-29 05:14:18,Leg 1,36m,Machine RDL,3,225.0,12,0,0,,,
2022-03-29 05:14:18,Leg 1,36m,Standing Calf Raise (Machine),1,225.0,12,0,0,,,
2022-03-29 05:14:18,Leg 1,36m,Standing Calf Raise (Machine),2,225.0,12,0,0,,,
2022-03-29 05:14:18,Leg 1,36m,Standing Calf Raise (Machine),3,225.0,12,0,0,,,
2022-03-29 05:14:18,Leg 1,36m,Machine Lunge,1,60.0,12,0,0,,,
2022-03-29 05:14:18,Leg 1,36m,Machine Lunge,2,60.0,10,0,0,,,
2022-03-29 05:14:18,Leg 1,36m,Machine Lunge,3,60.0,10,0,0,,,
2022-03-29 05:14:18,Leg 1,36m,Single Leg Standing Hamstring Curl,1,40.0,12,0,0,,,
2022-03-29 05:14:18,Leg 1,36m,Single Leg Standing Hamstring Curl,2,40.0,12,0,0,,,
2022-03-29 05:14:18,Leg 1,36m,Single Leg Standing Hamstring Curl,3,40.0,12,0,0,,,
2022-03-30 05:24:16,Push 1 ,42m,Shoulder Press (Machine),1,185.00000000000003,2,0,0,,,
2022-03-30 05:24:16,Push 1 ,42m,Shoulder Press (Machine),2,205.0,10,0,0,,,
2022-03-30 05:24:16,Push 1 ,42m,Shoulder Press (Machine),3,205.0,10,0,0,,,
2022-03-30 05:24:16,Push 1 ,42m,Rear Delt Fly,1,15.0,12,0,0,,,
2022-03-30 05:24:16,Push 1 ,42m,Rear Delt Fly,2,15.0,12,0,0,,,
2022-03-30 05:24:16,Push 1 ,42m,Rear Delt Fly,3,15.0,12,0,0,,,
2022-03-30 05:24:16,Push 1 ,42m,Single Arm Machine Press,1,100.0,12,0,0,,,
2022-03-30 05:24:16,Push 1 ,42m,Single Arm Machine Press,2,100.0,12,0,0,,,
2022-03-30 05:24:16,Push 1 ,42m,Single Arm Machine Press,3,100.0,12,0,0,,,
2022-03-30 05:24:16,Push 1 ,42m,Lateral Raise (Machine),1,50.0,10,0,0,,,
2022-03-30 05:24:16,Push 1 ,42m,Lateral Raise (Machine),2,40.0,10,0,0,,,
2022-03-30 05:24:16,Push 1 ,42m,Lateral Raise (Machine),3,40.0,10,0,0,,,
2022-03-30 05:24:16,Push 1 ,42m,Bent Over Fly,1,30.0,12,0,0,,,
2022-03-30 05:24:16,Push 1 ,42m,Bent Over Fly,2,30.0,12,0,0,,,
2022-03-30 05:24:16,Push 1 ,42m,Bent Over Fly,3,30.0,12,0,0,,,
2022-03-30 05:24:16,Push 1 ,42m,Single Arm Tricep Press Down ,1,27.0,12,0,0,,,
2022-03-30 05:24:16,Push 1 ,42m,Single Arm Tricep Press Down ,2,30.0,12,0,0,,,
2022-03-30 05:24:16,Push 1 ,42m,Single Arm Tricep Press Down ,3,30.0,12,0,0,,,
2022-03-31 05:34:17,Pull 1,50m,Pull Up,1,0.0,10,0,0,,,
2022-03-31 05:34:17,Pull 1,50m,Pull Up,2,0.0,8,0,0,,,
2022-03-31 05:34:17,Pull 1,50m,Pull Up,3,0.0,8,0,0,,,
2022-03-31 05:34:17,Pull 1,50m,Reverse Fly (Cable),1,40.0,10,0,0,,,
2022-03-31 05:34:17,Pull 1,50m,Reverse Fly (Cable),2,40.0,10,0,0,,,
2022-03-31 05:34:17,Pull 1,50m,Reverse Fly (Cable),3,40.0,10,0,0,,,
2022-03-31 05:34:17,Pull 1,50m,Bent Over Row - Underhand (Barbell),1,115.0,12,0,0,,,
2022-03-31 05:34:17,Pull 1,50m,Bent Over Row - Underhand (Barbell),2,115.0,12,0,0,,,
2022-03-31 05:34:17,Pull 1,50m,Bent Over Row - Underhand (Barbell),3,115.0,12,0,0,,,
2022-03-31 05:34:17,Pull 1,50m,Bicep Curl (Cable),1,57.5,10,0,0,,,
2022-03-31 05:34:17,Pull 1,50m,Bicep Curl (Cable),2,57.5,10,0,0,,,
2022-03-31 05:34:17,Pull 1,50m,Bicep Curl (Cable),3,57.5,10,0,0,,,
2022-03-31 05:34:17,Pull 1,50m,Seated Row (Cable),1,100.0,12,0,0,,,
2022-03-31 05:34:17,Pull 1,50m,Seated Row (Cable),2,100.0,12,0,0,,,
2022-03-31 05:34:17,Pull 1,50m,Seated Row (Cable),3,100.0,10,0,0,,,
2022-03-31 05:34:17,Pull 1,50m,Weho Row,1,40.0,12,0,0,,,
2022-03-31 05:34:17,Pull 1,50m,Weho Row,2,40.0,12,0,0,,,
2022-03-31 05:34:17,Pull 1,50m,Weho Row,3,40.0,12,0,0,,,
2022-04-02 09:36:25,Push 2,44h 11m,Incline Chest Press (Machine),1,245.00000000000003,12,0,0,,,
2022-04-02 09:36:25,Push 2,44h 11m,Incline Chest Press (Machine),2,245.00000000000003,10,0,0,,,
2022-04-02 09:36:25,Push 2,44h 11m,Incline Chest Press (Machine),3,245.00000000000003,10,0,0,,,
2022-04-02 09:36:25,Push 2,44h 11m,Face Pull (Cable),1,57.5,12,0,0,,,
2022-04-02 09:36:25,Push 2,44h 11m,Face Pull (Cable),2,57.5,12,0,0,,,
2022-04-02 09:36:25,Push 2,44h 11m,Face Pull (Cable),3,57.5,12,0,0,,,
2022-04-02 09:36:25,Push 2,44h 11m,Bottoms Up Kettlebell Press,1,20.0,10,0,0,,,
2022-04-02 09:36:25,Push 2,44h 11m,Bottoms Up Kettlebell Press,2,20.0,10,0,0,,,
2022-04-02 09:36:25,Push 2,44h 11m,Bottoms Up Kettlebell Press,3,20.0,10,0,0,,,
2022-04-02 09:36:25,Push 2,44h 11m,Floor Fly,1,40.0,10,0,0,,,
2022-04-02 09:36:25,Push 2,44h 11m,Floor Fly,2,45.0,10,0,0,,,
2022-04-02 09:36:25,Push 2,44h 11m,Floor Fly,3,45.0,10,0,0,,,
2022-04-02 09:36:25,Push 2,44h 11m,Machine Lateral Raises,1,90.0,10,0,0,,,
2022-04-02 09:36:25,Push 2,44h 11m,Machine Lateral Raises,2,100.0,10,0,0,,,
2022-04-02 09:36:25,Push 2,44h 11m,Machine Lateral Raises,3,100.0,10,0,0,,,
2022-04-04 05:47:58,Pull 2,52m,Knee Raise (Captain's Chair),1,0.0,12,0,0,,,
2022-04-04 05:47:58,Pull 2,52m,Knee Raise (Captain's Chair),2,0.0,12,0,0,,,
2022-04-04 05:47:58,Pull 2,52m,Knee Raise (Captain's Chair),3,0.0,12,0,0,,,
2022-04-04 05:47:58,Pull 2,52m,Bicep Curl (Machine),1,120.0,12,0,0,,,
2022-04-04 05:47:58,Pull 2,52m,Bicep Curl (Machine),2,120.0,12,0,0,,,
2022-04-04 05:47:58,Pull 2,52m,Bicep Curl (Machine),3,120.0,12,0,0,,,
2022-04-04 05:47:58,Pull 2,52m,Machine Neutral Grip Row,1,140.0,10,0,0,,,
2022-04-04 05:47:58,Pull 2,52m,Machine Neutral Grip Row,2,140.0,10,0,0,,,
2022-04-04 05:47:58,Pull 2,52m,Machine Neutral Grip Row,3,140.0,10,0,0,,,
2022-04-04 05:47:58,Pull 2,52m,Y Flys,1,25.0,12,0,0,,,
2022-04-04 05:47:58,Pull 2,52m,Y Flys,2,25.0,12,0,0,,,
2022-04-04 05:47:58,Pull 2,52m,Y Flys,3,25.0,12,0,0,,,
2022-04-04 05:47:58,Pull 2,52m,Lat Pulldown (Cable),1,127.5,12,0,0,,,
2022-04-04 05:47:58,Pull 2,52m,Lat Pulldown (Cable),2,127.5,12,0,0,,,
2022-04-04 05:47:58,Pull 2,52m,Lat Pulldown (Cable),3,127.5,12,0,0,,,
2022-04-04 05:47:58,Pull 2,52m,Dumbbell Low Row,1,74.99999999999999,12,0,0,,,
2022-04-04 05:47:58,Pull 2,52m,Dumbbell Low Row,2,74.99999999999999,10,0,0,,,
2022-04-04 05:47:58,Pull 2,52m,Dumbbell Low Row,3,74.99999999999999,10,0,0,,,
2022-04-05 05:47:04,Leg 1,28m,Squat (Machine),1,245.00000000000003,10,0,0,,,
2022-04-05 05:47:04,Leg 1,28m,Squat (Machine),2,245.00000000000003,10,0,0,,,
2022-04-05 05:47:04,Leg 1,28m,Squat (Machine),3,245.00000000000003,10,0,0,,,
2022-04-05 05:47:04,Leg 1,28m,Machine RDL,1,245.00000000000003,10,0,0,,,
2022-04-05 05:47:04,Leg 1,28m,Machine RDL,2,245.00000000000003,10,0,0,,,
2022-04-05 05:47:04,Leg 1,28m,Machine RDL,3,245.00000000000003,10,0,0,,,
2022-04-05 05:47:04,Leg 1,28m,Standing Calf Raise (Machine),1,245.00000000000003,10,0,0,,,
2022-04-05 05:47:04,Leg 1,28m,Standing Calf Raise (Machine),2,245.00000000000003,10,0,0,,,
2022-04-05 05:47:04,Leg 1,28m,Standing Calf Raise (Machine),3,245.00000000000003,10,0,0,,,
2022-04-05 05:47:04,Leg 1,28m,Machine Lunge,1,60.0,12,0,0,,,
2022-04-05 05:47:04,Leg 1,28m,Machine Lunge,2,60.0,12,0,0,,,
2022-04-05 05:47:04,Leg 1,28m,Machine Lunge,3,60.0,10,0,0,,,
2022-04-05 05:47:04,Leg 1,28m,Single Leg Standing Hamstring Curl,1,45.0,12,0,0,,,
2022-04-05 05:47:04,Leg 1,28m,Single Leg Standing Hamstring Curl,2,45.0,12,0,0,,,
2022-04-05 05:47:04,Leg 1,28m,Single Leg Standing Hamstring Curl,3,45.0,12,0,0,,,
2022-04-06 05:39:57,Push 1 ,53m,Shoulder Press (Machine),1,205.0,12,0,0,,,
2022-04-06 05:39:57,Push 1 ,53m,Shoulder Press (Machine),2,205.0,12,0,0,,,
2022-04-06 05:39:57,Push 1 ,53m,Shoulder Press (Machine),3,205.0,10,0,0,,,
2022-04-06 05:39:57,Push 1 ,53m,Rear Delt Fly,1,20.0,12,0,0,,,
2022-04-06 05:39:57,Push 1 ,53m,Rear Delt Fly,2,20.0,12,0,0,,,
2022-04-06 05:39:57,Push 1 ,53m,Rear Delt Fly,3,20.0,12,0,0,,,
2022-04-06 05:39:57,Push 1 ,53m,Single Arm Machine Press,1,105.0,10,0,0,,,
2022-04-06 05:39:57,Push 1 ,53m,Single Arm Machine Press,2,105.0,10,0,0,,,
2022-04-06 05:39:57,Push 1 ,53m,Single Arm Machine Press,3,105.0,12,0,0,,,
2022-04-06 05:39:57,Push 1 ,53m,Lateral Raise (Machine),1,40.0,12,0,0,,,
2022-04-06 05:39:57,Push 1 ,53m,Lateral Raise (Machine),2,40.0,10,0,0,,,
2022-04-06 05:39:57,Push 1 ,53m,Lateral Raise (Machine),3,40.0,10,0,0,,,
2022-04-06 05:39:57,Push 1 ,53m,Bent Over Fly,1,33.0,10,0,0,,,
2022-04-06 05:39:57,Push 1 ,53m,Bent Over Fly,2,33.0,10,0,0,,,
2022-04-06 05:39:57,Push 1 ,53m,Bent Over Fly,3,33.0,10,0,0,,,
2022-04-06 05:39:57,Push 1 ,53m,Single Arm Tricep Press Down ,1,33.0,10,0,0,,,
2022-04-06 05:39:57,Push 1 ,53m,Single Arm Tricep Press Down ,2,33.0,10,0,0,,,
2022-04-06 05:39:57,Push 1 ,53m,Single Arm Tricep Press Down ,3,33.0,10,0,0,,,
2022-04-07 05:32:52,Pull 1,7h 27m,Pull Up,1,0.0,10,0,0,,,
2022-04-07 05:32:52,Pull 1,7h 27m,Pull Up,2,0.0,10,0,0,,,
2022-04-07 05:32:52,Pull 1,7h 27m,Pull Up,3,0.0,8,0,0,,,
2022-04-07 05:32:52,Pull 1,7h 27m,Reverse Fly (Cable),1,40.0,12,0,0,,,
2022-04-07 05:32:52,Pull 1,7h 27m,Reverse Fly (Cable),2,40.0,12,0,0,,,
2022-04-07 05:32:52,Pull 1,7h 27m,Reverse Fly (Cable),3,40.0,12,0,0,,,
2022-04-07 05:32:52,Pull 1,7h 27m,Bent Over Row - Underhand (Barbell),1,95.0,12,0,0,,,
2022-04-07 05:32:52,Pull 1,7h 27m,Bent Over Row - Underhand (Barbell),2,95.0,12,0,0,,,
2022-04-07 05:32:52,Pull 1,7h 27m,Bent Over Row - Underhand (Barbell),3,95.0,1,0,0,,,
2022-04-07 05:32:52,Pull 1,7h 27m,Bicep Curl (Cable),1,57.5,10,0,0,,,
2022-04-07 05:32:52,Pull 1,7h 27m,Bicep Curl (Cable),2,57.5,10,0,0,,,
2022-04-07 05:32:52,Pull 1,7h 27m,Bicep Curl (Cable),3,57.5,10,0,0,,,
2022-04-07 05:32:52,Pull 1,7h 27m,Seated Row (Cable),1,100.0,12,0,0,,,
2022-04-07 05:32:52,Pull 1,7h 27m,Seated Row (Cable),2,100.0,12,0,0,,,
2022-04-07 05:32:52,Pull 1,7h 27m,Seated Row (Cable),3,100.0,12,0,0,,,
2022-04-07 05:32:52,Pull 1,7h 27m,Weho Row,1,42.5,12,0,0,,,
2022-04-07 05:32:52,Pull 1,7h 27m,Weho Row,2,42.5,10,0,0,,,
2022-04-07 05:32:52,Pull 1,7h 27m,Weho Row,3,42.5,10,0,0,,,
